NAME, LATITUDE, LONGITUDE, ADDRESS
"88버거",33.2492475189286,126.567122293048,"제주특별자치도 서귀포시 동문로 63  (서귀동)"
"바99(해비치호텔앤드리조트 별비치가든)",33.323448,126.84478,"제주특별자치도 서귀포시 표선면 민속해안로 537 "
"카페 무보 이탈리안 파인다이닝",33.3882281257178,126.232312796198,"제주특별자치도 제주시 한림읍 금능6길 16-14 "
"카페 카노푸스",33.242904,126.420435,"제주특별자치도 서귀포시 중문관광로 198 (중문동)"
"뮈르",33.2449617417414,126.387530606245,"제주특별자치도 서귀포시 하예로 28  (하예동)"
"천지",33.247415,126.408113,"제주특별자치도 서귀포시 중문관광로72번길 75 (색달동)"
"바당",33.247558,126.408116,"제주특별자치도 서귀포시 중문관광로72번길 75 (색달동)"
"스톤",33.2515479103078,126.505544137268,"제주특별자치도 서귀포시 김정문화로 6  (강정동)"
"만태",33.252455599846,126.42711684035,"제주특별자치도 서귀포시 천제연로207번길 10  (중문동)"
"너흐",33.2780754943062,126.246398530469,"제주특별자치도 서귀포시 대정읍 무릉인향로14번길 20 "
"풍로",33.3100748801007,126.332538342542,"제주특별자치도 서귀포시 안덕면 신화역사로 423 "
"혼저",33.3857358698314,126.224843605727,"제주특별자치도 제주시 한림읍 한림로 158 "
"크도",33.40373603124,126.252238560534,"제주특별자치도 제주시 한림읍 한림로 497 "
"몰츠",33.4241426594713,126.406118358734,"제주특별자치도 제주시 애월읍 유수암평화5길 26 "
"돝밭",33.4673746469537,126.338487533272,"제주특별자치도 제주시 애월읍 애월해안로 249 "
"비원",33.470053,126.486196,"제주특별자치도 제주시 수목원길 3-1 (노형동)"
"오른",33.4718015584104,126.915754333279,"제주특별자치도 서귀포시 성산읍 해맞이해안로 2714 "
"보목",33.4724471144528,126.543299493728,"제주특별자치도 제주시 아란9길 19  (아라일동)"
"광원",33.472912,126.484738,"제주특별자치도 제주시 1100로 3208 (노형동)"
"당당",33.47444521036986,126.37088286343312,"제주특별자치도 제주시 애월읍 중엄안1길 25 "
"오멘",33.4754479010292,126.543569173376,"제주특별자치도 제주시 아란5길 13 (아라일동)"
"씨커",33.478519739375,126.475153210682,"제주특별자치도 제주시 한라대학로 33  (노형동)"
"보엠",33.479644,126.484628,"제주특별자치도 제주시 원노형로 102 (노형동)"
"안빵",33.4814359824131,126.468667208494,"제주특별자치도 제주시 광평길 26 (노형동)"
"풍전",33.4832129201836,126.490347416605,"제주특별자치도 제주시 연동8길 30 (연동)"
"혹시",33.4868195539038,126.481801586092,"제주특별자치도 제주시 원노형3길 40  (노형동)"
"폴레",33.4872450653419,126.492268868212,"제주특별자치도 제주시 은남3길 33  (연동)"
"채색",33.4893967147156,126.536175628627,"제주특별자치도 제주시 구남동2길 15-4  (이도이동)"
"포옥",33.5138536099531,126.56367837441,"제주특별자치도 제주시 화남로 47  (화북일동)"
"대돈",33.5158850112082,126.526726608136,"제주특별자치도 제주시 관덕로15길 29 (건입동)"
"가치",33.516446324227,126.515781230041,"제주특별자치도 제주시 동한두기길 17 (용담일동)"
"유빈",33.5180494497425,126.518977092821,"제주특별자치도 제주시 탑동로 55 (삼도이동)"
"인손",33.5225471869147,126.855656633921,"제주특별자치도 제주시 구좌읍 세화4길 10 "
"공백",33.5533920518974,126.71509377031,"제주특별자치도 제주시 구좌읍 동복로 83 "
"밭담",33.556688667726,126.803497234638,"제주특별자치도 제주시 구좌읍 행원로5길 35-20 "
"곰막",33.5568777191667,126.720522540524,"제주특별자치도 제주시 구좌읍 구좌해안로 64 "
"덤장(중문점)",33.257663,126.40828,"제주특별자치도 서귀포시 천제연로 17 (색달동)"
"윤옥(노형점)",33.488162740025,126.48480606765,"제주특별자치도 제주시 원노형9길 12  (노형동)"
"윤옥(제주점)",33.489165914306,126.535744300138,"제주특별자치도 제주시 구남동2길 19-4  (이도이동)"
"몽탄(제주점)",33.5533920518974,126.71509377031,"제주특별자치도 제주시 구좌읍 동복로 83 "
"살레(서귀포KAL호텔)",33.246002,126.581013,"제주특별자치도 서귀포시 칠십리로 242 (토평동)"
"문쏘(협재본점)",33.4056391497558,126.256597359664,"제주특별자치도 제주시 한림읍 한림상로 15-5 "
"먹돌(제주본점)",33.5035801828617,126.49795471004,"제주특별자치도 제주시 공항로1길 14  (용담이동)"
"화산(제주신화월드점)",33.3049726791712,126.31635202613,"제주특별자치도 서귀포시 안덕면 신화역사로304번길 38 "
"이디(해비치호텔앤드리조트)",33.3225989591113,126.843977586306,"제주특별자치도 서귀포시 표선면 민속해안로 537 "
"마고(해비치호텔앤드리조트)",33.323322,126.844474,"제주특별자치도 서귀포시 표선면 민속해안로 537 "
"쌍화153",33.4670457292435,126.519983761102,"제주특별자치도 제주시 아연로 301 (오등동)"
"한량2010",33.4821097381984,126.475077119087,"제주특별자치도 제주시 노형4길 6 (노형동)"
"멜버즈 ",33.4760757847189,126.482743771781,"제주특별자치도 제주시 한라대학로 114 (노형동)"
"파페로 ",33.4848872998055,126.482738634657,"제주특별자치도 제주시 원노형6길 14  (노형동)"
"춘미향",33.2314367174996,126.296492900677,"제주특별자치도 서귀포시 안덕면 산방로 378 "
"휴일로",33.2324131656503,126.36625743425407,"제주특별자치도 서귀포시 안덕면 난드르로 49-65 "
"신라원",33.2343665667281,126.511981496403,"제주특별자치도 서귀포시 법환하로28번길 6 (법환동)"
"바다다",33.2369212940733,126.436719215087,"제주특별자치도 서귀포시 대포로 148-15 (대포동)"
"인스밀",33.2384787715141,126.229230662407,"제주특별자치도 서귀포시 대정읍 일과대수로27번길 22 "
"대기정",33.240309,126.428668,"제주특별자치도 서귀포시 이어도로 41 (대포동)"
"떼레노",33.2441693950141,126.405574367231,"제주특별자치도 서귀포시 중문관광로72번길 100  (색달동)"
"덕성원",33.2449084333718,126.563385765954,"제주특별자치도 서귀포시 태평로401번길 4 (서귀동)"
"히노데",33.247558,126.408116,"제주특별자치도 서귀포시 중문관광로72번길 75 (색달동)"
"버들집",33.24895941186437,126.56411741288204,"제주특별자치도 서귀포시 중정로73번길 10 (서귀동)"
"라비타",33.249332,126.408394,"제주특별자치도 서귀포시 중문관광로72번길 67 (색달동)"
"베메로",33.249698457597,126.411556504447,"제주특별자치도 서귀포시 중문관광로72번길 29-9  (색달동)"
"토담집",33.2534795702774,126.571673244109,"제주특별자치도 서귀포시 동홍중앙로 31  (동홍동)"
"페를로",33.2567330298804,126.306135218185,"제주특별자치도 서귀포시 안덕면 덕수회관로74번길 33 "
"루브린",33.2723234007331,126.683835038476,"제주특별자치도 서귀포시 남원읍 태위로360번길 46 "
"돈어길",33.2807928230905,126.285370709694,"제주특별자치도 서귀포시 대정읍 중산간서로 2274 "
"오설록",33.3059189405945,126.289374359219,"제주특별자치도 서귀포시 안덕면 신화역사로 15 "
"밀리우",33.323322,126.844501,"제주특별자치도 서귀포시 표선면 민속해안로 537 "
"해미원",33.324982,126.844289,"제주특별자치도 서귀포시 표선면 민속해안로 578-2 "
"다미진",33.325074,126.844119,"제주특별자치도 서귀포시 표선면 민속해안로 578-1 "
"잔물결",33.388061470817,126.229658028,"제주특별자치도 제주시 한림읍 금능길 58-1 "
"함올레",33.3989565025173,126.247193915704,"제주특별자치도 제주시 한림읍 한림로 424-1 "
"마마롱",33.4521567767768,126.439180967033,"제주특별자치도 제주시 애월읍 평화로 2783 "
"이너프",33.4560241058215,126.418981894194,"제주특별자치도 제주시 애월읍 고성8길 33 "
"샤오츠",33.4602975523449,126.929448034221,"제주특별자치도 서귀포시 성산읍 성산등용로17번길 55 "
"윌라라",33.4628904334584,126.932916269112,"제주특별자치도 서귀포시 성산읍 성산중앙로 33 "
"마틸다",33.4656961653475,126.334277144658,"제주특별자치도 제주시 애월읍 고내1길 33 "
"해일리",33.4691169590312,126.935143076579,"제주특별자치도 서귀포시 성산읍 한도로 269-37 "
"상춘재",33.4698865361909,126.545914052162,"제주특별자치도 제주시 중앙로 598 (아라일동)"
"아노드",33.4723830360693,126.546868507561,"제주특별자치도 제주시 인다13길 12  (아라일동)"
"아우스",33.4723830360693,126.546868507561,"제주특별자치도 제주시 인다13길 12  (아라일동)"
"더스푼",33.476097,126.554301,"제주특별자치도 제주시 구남동1길 45 (아라이동)"
"도갈비",33.4765261400995,126.479300826417,"제주특별자치도 제주시 한라대학로 85 (노형동)"
"흑돈가",33.4800554245897,126.473495778004,"제주특별자치도 제주시 한라대학로 11 (노형동)"
"삼다가",33.4807914969251,126.497164259126,"제주특별자치도 제주시 아연로 11  (연동)"
"코시롱",33.480941635064,126.474608934429,"제주특별자치도 제주시 노형1길 12-2 (노형동)"
"어우늘",33.481053,126.504988,"제주특별자치도 제주시 연북로 222 (오라이동)"
"아베끄",33.4824341372855,126.396846966785,"제주특별자치도 제주시 애월읍 애월해안로 960 "
"삼다정",33.484758,126.488706,"제주특별자치도 제주시 노연로 80 (연동)"
"숙성도",33.4850469004095,126.485037987096,"제주특별자치도 제주시 원노형로 41 (노형동)"
"십원향",33.4868429561724,126.48507997337,"제주특별자치도 제주시 원노형로 23 (노형동)"
"모살물",33.490473,126.494514,"제주특별자치도 제주시 삼무로3길 14 (연동)"
"미나리",33.490511,126.495764,"제주특별자치도 제주시 삼무로11길 34 (연동)"
"차돌집",33.490726,126.493584,"제주특별자치도 제주시 신대로10길 29 (연동)"
"어장군",33.490943605233,126.496185900658,"제주특별자치도 제주시 신대로 72 (연동)"
"대원가",33.491524,126.52702,"제주특별자치도 제주시 도남로16길 15 (도남동)"
"송죽원",33.491586,126.549199,"제주특별자치도 제주시 간월동로5길 15 (이도이동)"
"데디드",33.4919819723164,126.543441876853,"제주특별자치도 제주시 승천로 79  (아라이동)"
"돈풍년",33.4937795670783,126.541049044792,"제주특별자치도 제주시 승천로 52 (아라이동)"
"엘코테",33.4943580533312,126.544402614639,"제주특별자치도 제주시 신설로5길 5-10 (이도이동)"
"해마촌",33.4949054391205,126.527793124421,"제주특별자치도 제주시 도남로 61  (도남동)"
"디벨롭",33.4955321327759,126.533720408049,"제주특별자치도 제주시 고산동산5길 4  (이도이동)"
"스시앤",33.4965502751994,126.534600587297,"제주특별자치도 제주시 고산동산5길 21-1 (이도이동)"
"대새닭",33.498571860872,126.528362401927,"제주특별자치도 제주시 광양10길 19  (이도이동)"
"새우동",33.4987047800859,126.530767272853,"제주특별자치도 제주시 중앙로 237 (이도이동)"
"대우정",33.4988947828616,126.519578083071,"제주특별자치도 제주시 서사로 152 (삼도일동)"
"일도촌",33.5030685581689,126.542844506293,"제주특별자치도 제주시 천수로8길 7  (일도이동)"
"치로리",33.505887396405,126.540701882785,"제주특별자치도 제주시 고마로 94  (일도이동)"
"우도랑",33.5070141829619,126.942685176185,"제주특별자치도 제주시 우도면 우도해안길 322 "
"무주향",33.5074463890763,126.517446691753,"제주특별자치도 제주시 서사로8길 22-2  (삼도일동)"
"길보트",33.5089889087524,126.521651586172,"제주특별자치도 제주시 남성로 154-2  (삼도이동)"
"사랑물",33.5093214666331,126.539729307684,"제주특별자치도 제주시 고마로 55  (일도이동)"
"일팔팔",33.5122113539073,126.527023650217,"제주특별자치도 제주시 동문로 6-8 (일도일동)"
"소바니",33.5125647740452,126.525066832378,"제주특별자치도 제주시 중앙로11길 1  (이도일동)"
"도주제",33.5139398702552,126.521176591559,"제주특별자치도 제주시 관덕로3길 9-1  (삼도이동)"
"앞돈지",33.516039,126.527543,"제주특별자치도 제주시 중앙로1길 28 (건입동)"
"용두골",33.516424,126.505594,"제주특별자치도 제주시 서해안로 644 (용담삼동)"
"더블루",33.5188061398631,126.518138492511,"제주특별자치도 제주시 탑동로 66 (삼도이동)"
"탐모라",33.51880712831151,126.51813762592138,"제주특별자치도 제주시 탑동로 66 (삼도이동)"
"오로섬",33.518922,126.493416,"제주특별자치도 제주시 어영길 10-6 (용담삼동)"
"윌리스",33.5218766114956,126.586223736231,"제주특별자치도 제주시 지석15길 7 (삼양이동)"
"아사라",33.5248563354878,126.58954560972,"제주특별자치도 제주시 선사로2길 37  (삼양일동)"
"다코네",33.5291832266884,126.836774879854,"제주특별자치도 제주시 구좌읍 평대4길 20-1 "
"그계절",33.5318190555337,126.818509470905,"제주특별자치도 제주시 구좌읍 한동로 119 "
"해녀촌",33.553665230496,126.70988954878,"제주특별자치도 제주시 구좌읍 동복로 33 "
"넘은봄",33.5579832476993,126.75128950923,"제주특별자치도 제주시 구좌읍 김녕로1길 75-1 "
"돈사돈(별관)",33.481679,126.470795,"제주특별자치도 제주시 광평동로 15 (노형동)"
"태백산(본점)",33.494740419269,126.467202329112,"제주특별자치도 제주시 도공로 154-12 (이호이동)"
"칠본가(본점)",33.5023246575355,126.510717896715,"제주특별자치도 제주시 서천길 1  (용담이동)"
"덕성원(중문점)",33.2492408909928,126.430046452651,"제주특별자치도 서귀포시 중문관광로 323 (중문동)"
"보름쇠(제주점)",33.4909413791558,126.545042674209,"제주특별자치도 제주시 연북로 631  (아라이동)"
"덕성원(이도점)",33.49141,126.544724,"제주특별자치도 제주시 신설로11길 8-6 (아라이동)"
"맥파이(탑동점)",33.5179873205674,126.523359458825,"제주특별자치도 제주시 탑동로2길 7 (삼도이동)"
"프릳츠(제주성산점)",33.4595987798601,126.930361087152,"제주특별자치도 서귀포시 성산읍 일출로 222 "
"돈사향(올레시장본점)",33.2493441056228,126.56092998722,"제주특별자치도 서귀포시 천지로 20  (서귀동)"
"한라원(제주신화월드점)",33.3049726791712,126.31635202613,"제주특별자치도 서귀포시 안덕면 신화역사로304번길 38 "
"택하다, 커피",33.3454241991241,126.763482442437,"제주특별자치도 서귀포시 표선면 원님로652번길 118 "
"서광로32길27",33.4983640365882,126.529261452231,"제주특별자치도 제주시 서광로32길 27  (이도이동)"
"북성로42베이커리카페",33.5158017102182,126.520329045372,"제주특별자치도 제주시 북성로 42  (삼도이동)"
"저장고THE ESPRESSO ",33.5102119921814,126.889153625606,"제주특별자치도 제주시 구좌읍 하도13길 25 "
"르쉬느아 ",33.3049726791712,126.31635202613,"제주특별자치도 서귀포시 안덕면 신화역사로304번길 38 "
"만선식당",33.2178729065457,126.249794723487,"제주특별자치도 서귀포시 대정읍 하모항구로 44 "
"부두식당",33.2188214636735,126.251031679557,"제주특별자치도 서귀포시 대정읍 하모항구로 62 "
"항구식당",33.219127,126.251312,"제주특별자치도 서귀포시 대정읍 하모항구로 64 "
"덕승식당",33.219245,126.251344,"제주특별자치도 서귀포시 대정읍 하모항구로 66 "
"산방식당",33.2234752539049,126.254186719523,"제주특별자치도 서귀포시 대정읍 하모이삼로 62 "
"진미명가",33.228352,126.307705,"제주특별자치도 서귀포시 안덕면 사계남로 167 "
"남경미락",33.230103,126.308753,"제주특별자치도 서귀포시 안덕면 사계남로 190-7 "
"소색채본",33.2351178178847,126.313645335479,"제주특별자치도 서귀포시 안덕면 사계남로216번길 24-61 "
"원앤온리",33.2392235100208,126.319190550487,"제주특별자치도 서귀포시 안덕면 산방로 141 "
"부두식당",33.2416973090938,126.564578999898,"제주특별자치도 서귀포시 부두로 38 (서귀동)"
"하라케케",33.242864497508,126.52771954894,"제주특별자치도 서귀포시 속골로 29-10  (호근동)"
"꺼멍목장",33.2429503789996,126.454851753683,"제주특별자치도 서귀포시 이어도로 338 (하원동)"
"동해미락",33.243672,126.568303,"제주특별자치도 서귀포시 칠십리로 133 (서귀동)"
"죽림횟집",33.244191,126.564557,"제주특별자치도 서귀포시 솔동산로 5-1 (서귀동)"
"신우가촌",33.244479,126.522625,"제주특별자치도 서귀포시 이어도로 1042 (서호동)"
"유동커피",33.2445422641819,126.563792111796,"제주특별자치도 서귀포시 태평로 406-1 (서귀동)"
"벌집식당",33.2447309579674,126.564687784883,"제주특별자치도 서귀포시 태평로 416 (서귀동)"
"더클리프",33.2450403542925,126.415599158242,"제주특별자치도 서귀포시 중문관광로 154-17 (색달동)"
"항해진미",33.2450403542925,126.415599158242,"제주특별자치도 서귀포시 중문관광로 154-17 (색달동)"
"하영횟집",33.245235,126.522353,"제주특별자치도 서귀포시 이어도로 1043 (서호동)"
"수희식당",33.245413,126.561332,"제주특별자치도 서귀포시 태평로 377 (서귀동)"
"생원전복",33.245869,126.330793,"제주특별자치도 서귀포시 안덕면 산방로 7 "
"진주식당",33.246601,126.559163,"제주특별자치도 서귀포시 태평로 353 (서귀동)"
"중앙식당",33.2466971443416,126.334929405504,"제주특별자치도 서귀포시 안덕면 화순로 108 "
"서귀샌드",33.2468268701551,126.557857908504,"제주특별자치도 서귀포시 태평로 347  (서귀동)"
"더파크뷰",33.247558,126.408116,"제주특별자치도 서귀포시 중문관광로72번길 75 (색달동)"
"마주앉아",33.2475793538552,126.564703173353,"제주특별자치도 서귀포시 명동로 27  (서귀동)"
"삼보식당",33.2476972084968,126.559024545325,"제주특별자치도 서귀포시 중정로 25 (서귀동)"
"망우약방",33.2485231249511,126.561402375939,"제주특별자치도 서귀포시 중앙로 43-1  (서귀동)"
"라테라스",33.249332,126.408394,"제주특별자치도 서귀포시 중문관광로72번길 67 (색달동)"
"숨도카페",33.2502906728106,126.536006813907,"제주특별자치도 서귀포시 일주동로 8941  (호근동)"
"용이식당",33.251103293481,126.560475427576,"제주특별자치도 서귀포시 중앙로79번길 9 (서귀동)"
"해심가든",33.251901,126.426607,"제주특별자치도 서귀포시 천제연로 203-4 (중문동)"
"오아시스",33.252619,126.51132,"제주특별자치도 서귀포시 신서귀로 42 (서호동)"
"불턱버거",33.2531109224146,126.448095902112,"제주특별자치도 서귀포시 일주서로570번길 1  (대포동)"
"봉꾸라주",33.2542891736067,126.505782814109,"제주특별자치도 서귀포시 신서로48번길 5  (강정동)"
"제주미향",33.255072,126.416465,"제주특별자치도 서귀포시 천제연로 99 (색달동)"
"마시오름",33.2552105008869,126.560045889923,"제주특별자치도 서귀포시 중앙로117번길 6  (서홍동)"
"제주오성",33.2557026953152,126.414666453661,"제주특별자치도 서귀포시 중문관광로 27 (색달동)"
"목포고을",33.258416,126.407129,"제주특별자치도 서귀포시 일주서로 968-5 (색달동)"
"춘심이네",33.264789,126.370777,"제주특별자치도 서귀포시 안덕면 창천중앙로24번길 16 "
"동성식당",33.2676978014372,126.589225321842,"제주특별자치도 서귀포시 토평남로 109 (토평동)"
"서연의집",33.269437,126.655663,"제주특별자치도 서귀포시 남원읍 위미해안로 86 "
"대유가든",33.2712210032043,126.64788191817,"제주특별자치도 서귀포시 남원읍 태위로2번길 2 "
"와랑와랑",33.272362,126.676564,"제주특별자치도 서귀포시 남원읍 위미중앙로300번길 28 "
"라룬블루",33.2725925735685,126.65076224575,"제주특별자치도 서귀포시 남원읍 태위로 27 "
"썬데이지",33.2754211305226,126.709284064391,"제주특별자치도 서귀포시 남원읍 남태해안로 9 "
"범일분식",33.2784553284954,126.716913203067,"제주특별자치도 서귀포시 남원읍 태위로 658 "
"제남가든",33.2788608378028,126.704647540795,"제주특별자치도 서귀포시 남원읍 태위로 551-44 "
"해주소반",33.2807296466008,126.2782437385,"제주특별자치도 서귀포시 대정읍 글로벌에듀로 370 "
"제주포슬",33.2811357567626,126.223550829363,"제주특별자치도 서귀포시 대정읍 무영로228번길 17-7 "
"안녕구움",33.3053987556391,126.17910003961,"제주특별자치도 제주시 한경면 고산로 49 "
"서귀다원",33.312800682694,126.59667132986,"제주특별자치도 서귀포시 516로 717 (상효동)"
"더웨이팅",33.3179650530561,126.82813842007,"제주특별자치도 서귀포시 표선면 표선동서로 147 "
"저지면옥",33.3207589515279,126.264400579141,"제주특별자치도 제주시 한경면 녹차분재로 571 "
"우림가든",33.325692,126.829403,"제주특별자치도 서귀포시 표선면 표선관정로 77 "
"광동식당",33.3291099561211,126.798255712689,"제주특별자치도 서귀포시 표선면 세성로 272 "
"클랭블루",33.3448726520792,126.177314651522,"제주특별자치도 제주시 한경면 한경해안로 552-22 "
"우유부단",33.3476224146646,126.328061299164,"제주특별자치도 제주시 한림읍 금악동길 38 "
"가시식당",33.3529857030654,126.771350295873,"제주특별자치도 서귀포시 표선면 가시로565번길 24 "
"아줄레주",33.366986353012,126.839173835129,"제주특별자치도 서귀포시 성산읍 신풍하동로19번길 59 "
"카페오름",33.372255,126.85604,"제주특별자치도 서귀포시 성산읍 삼달로 128 "
"카페이면",33.3885916865167,126.22655462747,"제주특별자치도 제주시 한림읍 금능5길 13 "
"만덕이네",33.393328,126.801232,"제주특별자치도 서귀포시 표선면 서성일로 16 "
"한림해촌",33.393627,126.239904,"제주특별자치도 제주시 한림읍 한림로 329-6 "
"돌집식당",33.394031,126.800642,"제주특별자치도 서귀포시 표선면 서성일로 23 "
"삼일식당",33.408618,126.263581,"제주특별자치도 제주시 한림읍 한림상로 92 "
"명랑스낵",33.4092985445972,126.258772321923,"제주특별자치도 제주시 한림읍 한림로 585 "
"무호소반",33.414082050781,126.261743276402,"제주특별자치도 제주시 한림읍 문화길 5-12 "
"보영반점",33.416576,126.265228,"제주특별자치도 제주시 한림읍 한림로 692-1 "
"동백키친",33.4284139538887,126.266960238165,"제주특별자치도 제주시 한림읍 수원7길 42 "
"제주일도",33.4367975419119,126.921284354348,"제주특별자치도 서귀포시 성산읍 신양로 107 "
"카페콜라",33.443318566103,126.291921158759,"제주특별자치도 제주시 한림읍 일주서로 5857 "
"카이로스",33.4492669601044,126.400128748713,"제주특별자치도 제주시 애월읍 장유길 49-39 "
"로쿤커피",33.4500100666301,126.367458072584,"제주특별자치도 제주시 애월읍 넙은밧길 1-1 "
"남양수산",33.450105,126.914186,"제주특별자치도 서귀포시 성산읍 고성동서로56번길 11 "
"하루하나",33.4520391236273,126.393280680932,"제주특별자치도 제주시 애월읍 장전로 155 "
"성산해나",33.4625235857138,126.93294806973,"제주특별자치도 서귀포시 성산읍 성산중앙로 30-1 "
"해녀의집",33.462882,126.938914,"제주특별자치도 서귀포시 성산읍 일출로 284-34 "
"한성식당",33.46317,126.935018,"제주특별자치도 서귀포시 성산읍 일출로 287 "
"바다풍경",33.464712,126.935856,"제주특별자치도 서귀포시 성산읍 일출로288번길 17 "
"고내횟집",33.4668629585736,126.337619221079,"제주특별자치도 제주시 애월읍 고내로7길 46-1 "
"카페코지",33.468208,126.929243,"제주특별자치도 서귀포시 성산읍 한도로 200 "
"충남식당",33.4697934026635,126.9299455324,"제주특별자치도 서귀포시 성산읍 성산등용로 94-1 "
"애월맛차",33.4713998561988,126.418695773401,"제주특별자치도 제주시 애월읍 하광로 183 "
"송당퐁닭",33.4717007193485,126.786358898732,"제주특별자치도 제주시 구좌읍 중산간동로 2281-3 "
"풍림다방",33.4718737008442,126.785710834013,"제주특별자치도 제주시 구좌읍 중산간동로 2267-4 "
"커피템플",33.47816384943728,126.57024606687517,"제주특별자치도 제주시 영평길 269 (월평동)"
"아라파파",33.478447,126.49099,"제주특별자치도 제주시 국기로3길 2 (연동)"
"명당양과",33.4812755845228,126.484940446305,"제주특별자치도 제주시 원노형로 83 (노형동)"
"만복반미",33.4833732744447,126.470193330745,"제주특별자치도 제주시 수덕9길 82-4  (노형동)"
"키친글라",33.4834173889444,126.49333486687,"제주특별자치도 제주시 연동12길 25-1 (연동)"
"순화국수",33.483766,126.484138,"제주특별자치도 제주시 원노형8길 26 (노형동)"
"연정식당",33.483772,126.486825,"제주특별자치도 제주시 신광로10길 29 (연동)"
"황금어장",33.484402,126.495579,"제주특별자치도 제주시 사장길 14 (연동)"
"유스커피",33.4844349579759,126.540140516647,"제주특별자치도 제주시 구산로 49  (아라일동)"
"낭푼밥상",33.4859160271461,126.476045022058,"제주특별자치도 제주시 수덕5길 23  (노형동)"
"밥이보약",33.487026,126.480553,"제주특별자치도 제주시 도령로 11 (노형동)"
"그러므로",33.487231,126.535371,"제주특별자치도 제주시 구남동6길 45 (이도이동)"
"우림일식",33.487368,126.482664,"제주특별자치도 제주시 도령로 28-2 (노형동)"
"제주국담",33.4885898164723,126.494701728453,"제주특별자치도 제주시 신대로12길 17 (연동)"
"고스란히",33.488843,126.534655,"제주특별자치도 제주시 구남로6길 22 (이도이동)"
"사방팔방",33.488888,126.429609,"제주특별자치도 제주시 우정로10길 12 (외도일동)"
"곰해장국",33.489305,126.523301,"제주특별자치도 제주시 복지로3길 1-4 (도남동)"
"삼무국수",33.490567,126.491045,"제주특별자치도 제주시 삼무로3길 46-1 (연동)"
"올래국수",33.4914993524063,126.497164033968,"제주특별자치도 제주시 귀아랑길 24 (연동)"
"솔지식당",33.4923249707188,126.47257683069,"제주특별자치도 제주시 월랑로 88  (노형동)"
"웅스키친",33.493074,126.463771,"제주특별자치도 제주시 대동길 17-1 (이호이동)"
"만세국수",33.49408799463308,126.51877820488961,"제주특별자치도 제주시 오라로 152 (오라일동)"
"빠네띠에",33.49483,126.546352,"제주특별자치도 제주시 신설로9길 25 (이도이동)"
"노포갈비",33.4953947694012,126.528039153273,"제주특별자치도 제주시 신성로 82-2  (도남동)"
"코코분식",33.4967724443598,126.530042498672,"제주특별자치도 제주시 신성로 104 (이도이동)"
"아카우마",33.4976550783368,126.529180813791,"제주특별자치도 제주시 광양14길 17  (이도이동)"
"자매국수",33.4985789993217,126.459142607002,"제주특별자치도 제주시 항골남길 46  (이호일동)"
"백선횟집",33.4990775638137,126.52489319987,"제주특별자치도 제주시 도남로 10 (삼도일동)"
"남춘식당",33.499657,126.537568,"제주특별자치도 제주시 청귤로 12 (이도이동)"
"한라식당",33.500467,126.531924,"제주특별자치도 제주시 광양9길 19 (이도이동)"
"유일반점",33.5010097979914,126.53072136746,"제주특별자치도 제주시 광양7길 13 (이도이동)"
"불닭공장",33.5024308801268,126.513170773801,"제주특별자치도 제주시 남성로 26  (용담일동)"
"골막식당",33.502456,126.538479,"제주특별자치도 제주시 천수로 12 (이도이동)"
"감초식당",33.503376,126.52778,"제주특별자치도 제주시 동광로1길 32 (이도일동)"
"신설오름",33.505459,126.54163,"제주특별자치도 제주시 고마로17길 2 (일도이동)"
"율군짬뽕",33.5056625286968,126.544582311703,"제주특별자치도 제주시 천수로 82  (일도이동)"
"대광식당",33.5072242643657,126.525812998066,"제주특별자치도 제주시 중앙로23길 9 (이도일동)"
"탐라가든",33.5077890744115,126.520299856681,"제주특별자치도 제주시 서사로 51  (삼도이동)"
"국수마당",33.508064,126.532253,"제주특별자치도 제주시 삼성로 65 (일도이동)"
"꼬스뗀뇨",33.5098702104994,126.905254340198,"제주특별자치도 제주시 구좌읍 해맞이해안로 2080 "
"하이한담",33.5105035117855,126.541398281582,"제주특별자치도 제주시 고마로9길 20-1  (일도이동)"
"릴로제주",33.5108584972183,126.892907684722,"제주특별자치도 제주시 구좌읍 하도13길 63 "
"파도식당",33.511295,126.530582,"제주특별자치도 제주시 성지로 68-1 (일도이동)"
"가다오다",33.5117486007416,126.531779199888,"제주특별자치도 제주시 신산로 13 (일도이동)"
"골목식당",33.5118229358576,126.525017285831,"제주특별자치도 제주시 중앙로 63-9 (이도일동)"
"카페단단",33.5125836991794,126.521620181216,"제주특별자치도 제주시 관덕로4길 1-6  (삼도이동)"
"한일식당",33.5125874068371,126.527141612258,"제주특별자치도 제주시 동문로 6-4 (일도일동)"
"태광식당",33.512604,126.518865,"제주특별자치도 제주시 탑동로 144 (용담일동)"
"골든와틀",33.5127949690575,126.580969469249,"제주특별자치도 제주시 건주로 73  (도련일동)"
"안녕전복",33.5128573870185,126.519607483216,"제주특별자치도 제주시 관덕로 3  (삼도이동)"
"아주반점",33.513455,126.526115,"제주특별자치도 제주시 관덕로13길 4 (일도일동)"
"나주닭집",33.513919,126.524048,"제주특별자치도 제주시 동광로1길 32 (이도일동)"
"뤼미에흐",33.5147681928676,126.519647833239,"제주특별자치도 제주시 무근성길 38 (삼도이동)"
"블랑로쉐",33.5156836104419,126.957910049012,"제주특별자치도 제주시 우도면 우도해안길 783 "
"용출횟집",33.5162206877035,126.507601146737,"제주특별자치도 제주시 서해안로 660 (용담삼동)"
"가본식당",33.516396,126.528819,"제주특별자치도 제주시 임항로 36-1 (건입동)"
"용연횟집",33.5165302156963,126.515170039058,"제주특별자치도 제주시 동한두기길 35 (용담일동)"
"명물식당",33.5166795322829,126.516950468471,"제주특별자치도 제주시 탑동로11길 2-1 (삼도이동)"
"미친부엌",33.5169994762424,126.523155739488,"제주특별자치도 제주시 탑동로 15  (삼도이동)"
"화진전복",33.5179163183103,126.519055328461,"제주특별자치도 제주시 무근성길 2 (삼도이동)"
"산호전복",33.5180229179837,126.518645716694,"제주특별자치도 제주시 탑동로 59 (삼도이동)"
"대진횟집",33.518214,126.52855,"제주특별자치도 제주시 서부두길 16 (건입동)"
"빵의정석",33.5209446458277,126.585741204485,"제주특별자치도 제주시 일주동로 380-1 (삼양이동)"
"화성식당",33.521372,126.586047,"제주특별자치도 제주시 일주동로 383 (삼양이동)"
"은성식당",33.52561,126.857532,"제주특별자치도 제주시 구좌읍 해맞이해안로 1422-5 "
"모어모어",33.5291465566297,126.8757129546,"제주특별자치도 제주시 구좌읍 해맞이해안로 1616 "
"비주비주(한림점)",33.4059126385835,126.254890131579,"제주특별자치도 제주시 한림읍 한림해안로 9 "
"도너츠윤(제주점)",33.449445734535,126.911162532937,"제주특별자치도 서귀포시 성산읍 고성중앙로 79 "
"명당양과(노형점)",33.485569,126.472054,"제주특별자치도 제주시 수덕로 51 (노형동)"
"산방식당(제주점)",33.490195,126.536061,"제주특별자치도 제주시 구남로8길 10-5 (이도이동)"
"명당양과(내도점)",33.493672,126.444641,"제주특별자치도 제주시 일주서로 7467 (내도동)"
"물항식당(탑동점)",33.516909,126.529141,"제주특별자치도 제주시 임항로 37-4 (건입동)"
"삼보식당(신제주점)",33.486896,126.495388,"제주특별자치도 제주시 신대로16길 10 (연동)"
"만세국수(삼성혈점)",33.4976664288385,126.537074646477,"제주특별자치도 제주시 연삼로 437 (이도이동)"
"자연샤브(동홍동본점)",33.265207773471,126.568151292692,"제주특별자치도 서귀포시 동홍로 188  (동홍동)"
"페닌슐라(롯데호텔제주)",33.248535,126.410394,"제주특별자치도 서귀포시 중문관광로72번길 35 (색달동)"
"테라로사(제주서귀포점)",33.249439,126.618933,"제주특별자치도 서귀포시 칠십리로658번길 27-16 (하효동)"
"순천미향(제주산방산본점)",33.2356694064218,126.312482417814,"제주특별자치도 서귀포시 안덕면 사계남로216번길 24-73 "
"자연샤브(서귀포신시가지점)",33.2504129244334,126.519548752313,"제주특별자치도 서귀포시 서호남로 65  (서호동)"
"그러므로part2",33.4684554530705,126.485937143146,"제주특별자치도 제주시 수목원길 16-14 (노형동)"
"송악통갈치",33.2067772259681,126.289973082566,"제주특별자치도 서귀포시 대정읍 형제해안로 322 "
"최남단식당",33.21691,126.252206,"제주특별자치도 서귀포시 대정읍 최남단해안로 40 "
"하르방밀면",33.225885,126.255823,"제주특별자치도 서귀포시 대정읍 동일하모로 229 "
"커피스케치",33.233371144923,126.313291313646,"제주특별자치도 서귀포시 안덕면 사계남로216번길 24-32 "
"레이지박스",33.236421,126.312948,"제주특별자치도 서귀포시 안덕면 산방로 208 "
"큰갯물횟집",33.239466,126.438257,"제주특별자치도 서귀포시 대포로 161 (대포동)"
"부두회수산",33.2406163010164,126.565701743287,"제주특별자치도 서귀포시 칠십리로 94  (서귀동)"
"멧돌뚝배기",33.2443792573728,126.568940792596,"제주특별자치도 서귀포시 칠십리로 145 (서귀동)"
"쌍둥이횟집",33.2466001158367,126.562910154724,"제주특별자치도 서귀포시 중정로62번길 14 (서귀동)"
"이화삼계탕",33.2477077001644,126.557941678007,"제주특별자치도 서귀포시 중정로 13 (서귀동)"
"제주약수터",33.2477455999516,126.56161861637,"제주특별자치도 서귀포시 중앙로 35  (서귀동)"
"서귀포흑돈",33.24787337171,126.582210932211,"제주특별자치도 서귀포시 칠십리로 278  (토평동)"
"천짓골식당",33.2482242957169,126.561215225298,"제주특별자치도 서귀포시 중앙로41번길 4 (서귀동)"
"네거리식당",33.248521,126.559362,"제주특별자치도 서귀포시 서문로29번길 20 (서귀동)"
"오는정김밥",33.2496220559544,126.567588735932,"제주특별자치도 서귀포시 동문동로 2  (서귀동)"
"오르막가든",33.250158,126.433252,"제주특별자치도 서귀포시 대포중앙로 12 (대포동)"
"오버더센스",33.2508988248671,126.615250210134,"제주특별자치도 서귀포시 칠십리로 655  (하효동)"
"세이모키친",33.2518010853885,126.509025554258,"제주특별자치도 서귀포시 김정문화로41번길 3  (법환동)"
"봉주르마담",33.252782,126.503451,"제주특별자치도 서귀포시 대청로 33 (강정동)"
"대일추어탕",33.252898,126.557946,"제주특별자치도 서귀포시 일주동로 8710 (서홍동)"
"이조은식당",33.255057,126.416224,"제주특별자치도 서귀포시 천제연로 97 (색달동)"
"에르미타주",33.2550685511515,126.505899154154,"제주특별자치도 서귀포시 신서로52번길 3-8 (강정동)"
"이드레국수",33.2552764918427,126.41566183609,"제주특별자치도 서귀포시 천제연로 93 (색달동)"
"미향해장국",33.258329,126.408082,"제주특별자치도 서귀포시 일주서로 962 (색달동)"
"삼다뚝배기",33.260322,126.614855,"제주특별자치도 서귀포시 일주동로 8167 (하효동)"
"공천포식당",33.266381,126.6427,"제주특별자치도 서귀포시 남원읍 공천포로 89 "
"멋진녀석들",33.2687144011059,126.548535560326,"제주특별자치도 서귀포시 서홍로 241  (서홍동)"
"한라흑돼지",33.273116,126.654068,"제주특별자치도 서귀포시 남원읍 태위로 56 "
"포항아구찜",33.278605,126.719585,"제주특별자치도 서귀포시 남원읍 남원회관로 61 "
"황금륭버거",33.286732,126.22275,"제주특별자치도 서귀포시 대정읍 칠전로 434 "
"금데기횟집",33.3263223249256,126.84404956955,"제주특별자치도 서귀포시 표선면 표선당포로 19-5 "
"연리지가든",33.3451359023538,126.202325769963,"제주특별자치도 제주시 한경면 두조로 190-20 "
"나목도식당",33.353545,126.77179,"제주특별자치도 서귀포시 표선면 가시로613번길 60 "
"금능반지하",33.3910733394765,126.22863126772,"제주특별자치도 제주시 한림읍 금능9길 30 "
"협재수우동",33.3966234065148,126.242444054558,"제주특별자치도 제주시 한림읍 협재1길 11 "
"협재온다정",33.3969660098774,126.243404582873,"제주특별자치도 제주시 한림읍 한림로 381-4 "
"난산리다방",33.3989434701253,126.867902004261,"제주특별자치도 서귀포시 성산읍 난산로41번길 39-2 "
"로이앤메이",33.4094889585963,126.900889549879,"제주특별자치도 서귀포시 성산읍 온평상하로15번길 12-7 "
"오데뜨제주",33.4108751922188,126.295578088098,"제주특별자치도 제주시 한림읍 중산간서로 4995-6 "
"고향길든솔",33.413218,126.770571,"제주특별자치도 서귀포시 표선면 성읍이리로 32 "
"플로웨이브",33.4134916434073,126.282885076812,"제주특별자치도 제주시 한림읍 장원길 63-12 "
"한림칼국수",33.4155670769924,126.261504619739,"제주특별자치도 제주시 한림읍 한림해안로 141 "
"사형제횟집",33.422415,126.266399,"제주특별자치도 제주시 한림읍 한림상로 273 "
"살롱드라방",33.4578617802591,126.348952499258,"제주특별자치도 제주시 애월읍 하가로 146-9 "
"제주오라성",33.4596235354265,126.51183928863,"제주특별자치도 제주시 오라남로 16 (오라이동)"
"랜디스도넛",33.4611696789499,126.311418894475,"제주특별자치도 제주시 애월읍 애월로 27-1 "
"몽상드애월",33.4629252295724,126.309244734174,"제주특별자치도 제주시 애월읍 애월북서길 56-1 "
"해뜨는식당",33.4630046258352,126.933340547749,"제주특별자치도 서귀포시 성산읍 성산중앙로 38 "
"명도암정식",33.467637,126.610653,"제주특별자치도 제주시 명림로 218 (봉개동)"
"고사리커피",33.4733772525897,126.764083005021,"제주특별자치도 제주시 구좌읍 중산간동로 2064 "
"늘봄흑돼지",33.47929,126.472878,"제주특별자치도 제주시 한라대학로 12 (노형동)"
"양촌리마을",33.479356,126.481519,"제주특별자치도 제주시 진군길 31-5 (노형동)"
"제주이와이",33.4796265020162,126.397680873053,"제주특별자치도 제주시 애월읍 하귀로 4 "
"커피코알라",33.48121,126.489157,"제주특별자치도 제주시 과원북4길 71 (연동)"
"로노브릿지",33.4836872265338,126.378628442602,"제주특별자치도 제주시 애월읍 애월해안로 728 "
"앞뱅디식당",33.4853183836848,126.499924103522,"제주특별자치도 제주시 선덕로 32 (연동)"
"엄마손횟집",33.486674,126.488169,"제주특별자치도 제주시 연동3길 35 (연동)"
"오래옥식당",33.4870322671012,126.492835864473,"제주특별자치도 제주시 신대로16길 36 (연동)"
"무한조개야",33.4876733915058,126.479249297516,"제주특별자치도 제주시 다랑곶2길 4  (노형동)"
"봉플라봉뱅",33.4880113659418,126.497898657075,"제주특별자치도 제주시 문송1길 6-1 (연동)"
"모리노카메",33.4889825554743,126.535919592954,"제주특별자치도 제주시 구남동2길 19-8  (이도이동) "
"청양양복점",33.4896854069263,126.540362296762,"제주특별자치도 제주시 남광로2길 39-6  (이도이동)"
"마라도횟집",33.4906495394836,126.526819279133,"제주특별자치도 제주시 청사로3길 1-6  (도남동)"
"어반르토아",33.4910780539456,126.541981375264,"제주특별자치도 제주시 구남동5길 36 (이도이동)"
"공주네국수",33.4913445688525,126.59371518559,"제주특별자치도 제주시 삼봉로 353  (봉개동)"
"어머니빵집",33.491583,126.488621,"제주특별자치도 제주시 도령로 103 (연동)"
"장수물식당",33.491899,126.498689,"제주특별자치도 제주시 연문2길 18 (연동)"
"도라지식당",33.492778,126.505963,"제주특별자치도 제주시 연삼로 128 (오라삼동)"
"칠돈가본점",33.4938770957541,126.477608600129,"제주특별자치도 제주시 일주서로 7779 (노형동)"
"코스튼커피",33.4984270215817,126.528114170582,"제주특별자치도 제주시 광양10길 23  (이도이동)"
"커피파인더",33.498577662748,126.528678753614,"제주특별자치도 제주시 서광로32길 20 (이도이동)"
"광양해장국",33.499915,126.532681,"제주특별자치도 제주시 광양13길 25 (이도이동)"
"해오름식당",33.500359,126.472964,"제주특별자치도 제주시 오일장서길 21 (도두일동)"
"우도아지망",33.5014172566441,126.54447529699,"제주특별자치도 제주시 연삼로 517-1  (일도이동)"
"베이커스비",33.5019789745653,126.530878747578,"제주특별자치도 제주시 동광로3길 2 (이도일동)"
"그린루스카",33.5053408704763,126.515221031512,"제주특별자치도 제주시 서사로12길 45  (삼도일동)"
"등대와바당",33.506082,126.464621,"제주특별자치도 제주시 도두항서길 37 (도두일동)"
"삼번지횟집",33.5102850304776,126.482463365309,"제주특별자치도 제주시 서해안로 350 (도두이동)"
"미풍해장국",33.5112339525471,126.522842093978,"제주특별자치도 제주시 중앙로14길 13 (삼도이동)"
"커피라이트",33.5115249273697,126.519189280587,"제주특별자치도 제주시 서사로 10-2  (용담일동)"
"우진해장국",33.5115403957912,126.52001621862,"제주특별자치도 제주시 서사로 11 (삼도이동)"
"제주돈날개",33.5126847122847,126.531132893384,"제주특별자치도 제주시 동문로10길 6  (일도일동)"
"롤링브루잉",33.5131031404698,126.529112441801,"제주특별자치도 제주시 동문로 21-1 (일도일동)"
"제주에가면",33.5147353182838,126.518008437497,"제주특별자치도 제주시 탑동로 119 (삼도이동)"
"르부이부이",33.51541197569133,126.5395325929007,"제주특별자치도 제주시 사라봉7길 32 (건입동)"
"휴즐리제주",33.5157682944667,126.513999673793,"제주특별자치도 제주시 흥운길 83  (용담이동)"
"산지물식당",33.5162850086573,126.527472387247,"제주특별자치도 제주시 임항로 26 (건입동)"
"미엘드세화",33.524478,126.861867,"제주특별자치도 제주시 구좌읍 해맞이해안로 1464 "
"해맞이쉼터",33.537265,126.837793,"제주특별자치도 제주시 구좌읍 해맞이해안로 1116 "
"베이글림림",33.554368981307,126.790641294489,"제주특별자치도 제주시 구좌읍 월정1길 27 "
"오늘도화창",33.5551543850457,126.794966166154,"제주특별자치도 제주시 구좌읍 월정5길 56 "
"모래비카페",33.55549,126.796253,"제주특별자치도 제주시 구좌읍 해맞이해안로 462 "
"비브레이브(서호점)",33.252468,126.511852,"제주특별자치도 서귀포시 신서로48번길 66 (서호동)"
"고집돌우럭(중문점)",33.2579833781002,126.416707323322,"제주특별자치도 서귀포시 일주서로 879 (색달동)"
"대춘해장국(노형점)",33.4876225657189,126.484451820655,"제주특별자치도 제주시 원노형로 11 (노형동)"
"해녀의부엌(종달점)",33.4977915669711,126.912298334864,"제주특별자치도 제주시 구좌읍 해맞이해안로 2265 "
"미풍해장국(신제주점)",33.4854850223249,126.49694497041,"제주특별자치도 제주시 선덕로 2 (연동)"
"제주약수터(올레시장점)",33.2490057791008,126.562711466211,"제주특별자치도 서귀포시 중앙로48번길 10  (서귀동)"
"차이나하우스 ",33.4852623358443,126.481459449471,"제주특별자치도 제주시 노연로 12  (노형동)"
"카카오패밀리 (로이인더정글&카밀라스)",33.5225968970151,126.85747498745,"제주특별자치도 제주시 구좌읍 구좌로 60 "
"아침미소목장 카페",33.4547876226385,126.586252039479,"제주특별자치도 제주시 첨단동길 160-20 (월평동)"
"미영이네식당",33.217731,126.249871,"제주특별자치도 서귀포시 대정읍 하모항구로 42 "
"강정해녀의집",33.2293042435205,126.475933002517,"제주특별자치도 서귀포시 말질로 270 (강정동)"
"법환포구식당",33.237318,126.51527,"제주특별자치도 서귀포시 막숙포로 44 (법환동)"
"대포동산횟집",33.239079,126.439547,"제주특별자치도 서귀포시 이어도로 164 (대포동)"
"어진이네횟집",33.2410076748705,126.610914213519,"제주특별자치도 서귀포시 보목포로 93 (보목동)"
"중문해녀의집",33.242504,126.419062,"제주특별자치도 서귀포시 중문관광로 194 (중문동)"
"서귀포괸당네",33.2430676050881,126.567575944579,"제주특별자치도 서귀포시 칠십리로 123 (서귀동)"
"삼다숯불갈비",33.247730542475,126.566454178905,"제주특별자치도 서귀포시 명동로 43 (서귀동)"
"신우성흑돼지",33.249678,126.411363,"제주특별자치도 서귀포시 중문관광로72번길 29-9 (색달동)"
"플레이커피랩",33.250593390868,126.558811586163,"제주특별자치도 서귀포시 서문로28번길 2 (서귀동)"
"사해방흑돼지",33.2515291356409,126.432692320092,"제주특별자치도 서귀포시 천제연로 263 (중문동)"
"산석쇠불고기",33.2528362654807,126.511618621911,"제주특별자치도 서귀포시 신서로48번길 61  (서호동) "
"금강민물장어",33.2543299814447,126.569504159315,"제주특별자치도 서귀포시 일주동로 8597 (동홍동)"
"제주횟집퍼랭",33.2574015225199,126.415661855314,"제주특별자치도 서귀포시 중문관광로 5  (색달동)"
"공천포카페숑",33.2663484357197,126.642771183007,"제주특별자치도 서귀포시 남원읍 공천포로 91 "
"커피맛이멜로",33.3122855061511,126.366264313279,"제주특별자치도 서귀포시 안덕면 신화역사로 752 "
"흑돼지한마당",33.3247987513617,126.843976351289,"제주특별자치도 서귀포시 표선면 민속해안로 575 "
"표선어촌식당",33.325243,126.844619,"제주특별자치도 서귀포시 표선면 민속해안로 578-7 "
"표선수산마트",33.325380123703,126.83599819835,"제주특별자치도 서귀포시 표선면 표선중앙로110번길 3-4 "
"옹포별장가든",33.4049604567374,126.257820958071,"제주특별자치도 제주시 한림읍 한림상로 24 "
"이익새양과점",33.4073746848732,126.26554032813,"제주특별자치도 제주시 한림읍 명월성로 16 "
"택이네해장국",33.4163467365712,126.268927155847,"제주특별자치도 제주시 한림읍 한림상로 202 "
"장촌한우마을",33.420056,126.338884,"제주특별자치도 제주시 애월읍 천덕로 440-4 "
"민트레스토랑",33.432707,126.930303,"제주특별자치도 서귀포시 성산읍 섭지코지로 93-66 "
"섭지해녀의집",33.4345196505906,126.926028514975,"제주특별자치도 서귀포시 성산읍 섭지코지로 93-15 "
"가시아방국수",33.4386303395708,126.918079816339,"제주특별자치도 서귀포시 성산읍 섭지코지로 10 "
"고추냉이식당",33.4612601643908,126.435802206511,"제주특별자치도 제주시 애월읍 광령5길 8 "
"오조해녀의집",33.469658,126.92239,"제주특별자치도 서귀포시 성산읍 한도로 141-13 "
"포도원흑돼지",33.4700126643644,126.49016672721,"제주특별자치도 제주시 수목원길 51  (연동)"
"블레블랑제리",33.4747511448544,126.543715482949,"제주특별자치도 제주시 아란5길 22 (아라일동)"
"우수미회센타",33.4772854081322,126.489890239425,"제주특별자치도 제주시 연화로2길 24-1 (연동)"
"시흥해녀의집",33.477962,126.90844,"제주특별자치도 서귀포시 성산읍 시흥하동로 114 "
"컴플리트커피",33.478241,126.49136,"제주특별자치도 제주시 국기로4길 1 (연동)"
"모이세해장국",33.481795,126.505228,"제주특별자치도 제주시 연북로 221 (오라이동)"
"제주올레면옥",33.4819159157363,126.470398236263,"제주특별자치도 제주시 광평동로 19 (노형동)"
"털보산해횟집",33.486212,126.492702,"제주특별자치도 제주시 은남4길 29 (연동)"
"계마신오돌집",33.4862638885821,126.491176127094,"제주특별자치도 제주시 은남4길 41  (연동) "
"글러트니커피",33.4865744240922,126.534892820294,"제주특별자치도 제주시 구남로2길 38 (이도이동)"
"맛장터해장국",33.487483,126.49784,"제주특별자치도 제주시 신대로13길 10 (연동)"
"스시호시카이",33.487826,126.51764,"제주특별자치도 제주시 오남로 90 (오라이동)"
"삼성혈해물탕",33.4880042514984,126.499706378954,"제주특별자치도 제주시 선덕로5길 20 (연동)"
"명호마농갈비",33.4886058315439,126.494892626807,"제주특별자치도 제주시 신대로12길 15 (연동)"
"두루두루식당",33.490491,126.494539,"제주특별자치도 제주시 삼무로3길 14 (연동)"
"동귀리갈칫집",33.4918433108774,126.472336779634,"제주특별자치도 제주시 월랑로 83 (노형동)"
"라이터스블럭",33.4935568284907,126.544433067157,"제주특별자치도 제주시 신설로5길 8 (이도이동)"
"도남황금갈비",33.4963930894124,126.529481637199,"제주특별자치도 제주시 신성로 98  (도남동)"
"라스또르따스",33.499187641786,126.53111624291,"제주특별자치도 제주시 광양11길 8-1 (이도이동)"
"제주침시술소",33.5011081716993,126.5304860175,"제주특별자치도 제주시 동광로 12  (이도이동)"
"백성원해장국",33.50132,126.531345,"제주특별자치도 제주시 동광로4길 1 (이도이동)"
"삼도제주보쌈",33.5059939290281,126.522637311624,"제주특별자치도 제주시 중앙로24길 24 (삼도이동)"
"삼대국수회관",33.506925,126.53011,"제주특별자치도 제주시 삼성로 41 (일도이동)"
"가스트로관수",33.5077235198634,126.542123053771,"제주특별자치도 제주시 고마로15길 20 (일도이동)"
"뽕이네각재기",33.5085243001739,126.542192560054,"제주특별자치도 제주시 동광로 150 (일도이동)"
"은희네해장국",33.5085320014821,126.540741186743,"제주특별자치도 제주시 고마로13길 8 (일도이동)"
"돌하르방식당",33.51005,126.538796,"제주특별자치도 제주시 신산로11길 53 (일도이동)"
"용두네해장국",33.518214972194,126.488634787753,"제주특별자치도 제주시 서해안로 456-4  (용담삼동)"
"스콘가게끌림",33.5243870665283,126.58277541112,"제주특별자치도 제주시 지석9길 35-1 (삼양이동)"
"카페치즈태비",33.5551482122918,126.807868302351,"제주특별자치도 제주시 구좌읍 행원로7길 18-9 "
"구아우쇼콜라",33.5562535400722,126.746135885389,"제주특별자치도 제주시 구좌읍 김녕항2길 14 "
"앤트러사이트(한림점)",33.407646,126.258172,"제주특별자치도 제주시 한림읍 한림로 564 "
"컴플리트커피(노형점)",33.480619352235,126.478181494825,"제주특별자치도 제주시 노형6길 21  (노형동)"
"라온베이커리(남녕점)",33.4890199989422,126.482130006763,"제주특별자치도 제주시 남녕로 11 (노형동)"
"남매네흑돼지(서귀포점)",33.2500546282277,126.562988676862,"제주특별자치도 서귀포시 중정로61번길 24-1  (서귀동)"
"삼대국수회관(신제주점)",33.483836,126.49328,"제주특별자치도 제주시 신대로20길 32 (연동)"
"시드니양갈비(제주노형직영점)",33.4834170379832,126.478106511043,"제주특별자치도 제주시 노형10길 10 (노형동)"
"남매네흑돼지(서귀포신시가지점)",33.2532120357276,126.506154917179,"제주특별자치도 서귀포시 신서로32번길 18  (강정동)"
"스테이크하우스 ",33.4852623358443,126.481459449471,"제주특별자치도 제주시 노연로 12  (노형동)"
"아일랜드팩토리 풍류",33.5105174891967,126.523365331925,"제주특별자치도 제주시 관덕로8길 31 (이도일동)"
"모슬포해녀식당",33.2204010998315,126.251542444489,"제주특별자치도 서귀포시 대정읍 신영로 82 "
"올랭이와물꾸럭",33.221056,126.252939,"제주특별자치도 서귀포시 대정읍 신영로 93-5 "
"미베이커리카페",33.2360012201748,126.498828917545,"제주특별자치도 서귀포시 이어도로 780 (강정동)"
"나니아레스토랑",33.236906874789,126.372666735433,"제주특별자치도 서귀포시 예래로 424 (하예동)"
"제주할망뚝배기",33.24051082068603,126.56557565528797,"제주특별자치도 서귀포시 칠십리로 92 (서귀동)"
"진국옹기설렁탕",33.2513310190326,126.560289500712,"제주특별자치도 서귀포시 중앙로79번길 10 (서귀동)"
"중문흑돼지천국",33.2549504182081,126.417150290098,"제주특별자치도 서귀포시 천제연로 107 (색달동)"
"호텔리어스커피",33.2558546223222,126.415472334394,"제주특별자치도 서귀포시 중문관광로 23-1 (색달동)"
"성산갯마을식당",33.4675956215277,126.915586925886,"제주특별자치도 서귀포시 성산읍 한도로 66 "
"카페블루하우스",33.4725803438611,126.539976363197,"제주특별자치도 제주시 아란1길 57  (아라일동)"
"메종드쁘띠푸르",33.476097,126.554301,"제주특별자치도 제주시 신설로7길 3 (아라이동)"
"향토음식유리네",33.481447,126.497123,"제주특별자치도 제주시 연북로 146 (연동)"
"히비키아일랜드",33.4824985385837,126.478095234835,"제주특별자치도 제주시 신형로 25  (노형동)"
"제주돔베고기집",33.4878823602855,126.478472682903,"제주특별자치도 제주시 월랑로4길 6  (노형동)"
"도남오거리식당",33.496546,126.526161,"제주특별자치도 제주시 도남로6길 16 (도남동)"
"소금바치순이네",33.5036648564977,126.912640565732,"제주특별자치도 제주시 구좌읍 해맞이해안로 2196 "
"오멍가멍흑돼지",33.5092489519063,126.474693862787,"제주특별자치도 제주시 서해안로 272  (도두이동)"
"몽실할머니순대",33.511684,126.518346,"제주특별자치도 제주시 서문로6길 1-1 (용담일동)"
"정성듬뿍제주국",33.5140367610096,126.52021339359,"제주특별자치도 제주시 무근성7길 16 (삼도이동)"
"신해바라기분식",33.5142114384906,126.525937732194,"제주특별자치도 제주시 관덕로13길 13  (일도일동)"
"아살람레스토랑",33.5165420674223,126.524132027642,"제주특별자치도 제주시 중앙로2길 7  (삼도이동)"
"움튼델리카테슨",33.5243148704692,126.860942907621,"제주특별자치도 제주시 구좌읍 세화7길 23-14 "
"채점석베이커리&카페",33.2484758517256,126.514160374134,"제주특별자치도 서귀포시 서호남로32번길 29  (서호동)"
"커피냅로스터스(제주점)",33.4891898600088,126.413707243168,"제주특별자치도 제주시 애월읍 하귀2길 45 "
"리보스코화덕피자 ",33.4694460541333,126.487858537103,"제주특별자치도 제주시 수목원길 27  (연동)"
"서귀포흑돼지명가",33.24397,126.536393,"제주특별자치도 서귀포시 태평로 122 (호근동)"
"돌아온천지연식당",33.2457696318692,126.562809882947,"제주특별자치도 서귀포시 태평로371번길 21 (서귀동)"
"돈블랙서귀포본점",33.2487127260843,126.514996264479,"제주특별자치도 서귀포시 서호남로32번길 24 (서호동)"
"흑돼지구이집하영",33.255094,126.416633,"제주특별자치도 서귀포시 천제연로 101 (색달동)"
"피자굽는돌하르방",33.304878,126.255839,"제주특별자치도 제주시 한경면 청수로 218 "
"포도호텔레스토랑",33.317944,126.387504,"제주특별자치도 서귀포시 안덕면 산록남로 863 "
"서귀피안베이커리",33.4352538752549,126.921975056953,"제주특별자치도 서귀포시 성산읍 신양로122번길 17 "
"애월빵공장앤카페",33.448306081357,126.301560833469,"제주특별자치도 제주시 애월읍 금성5길 42-15 "
"온리커피스튜디오",33.4723580424149,126.550155345146,"제주특별자치도 제주시 인다13길 44 (아라일동)"
"흑돼지가있는풍경",33.475069,126.480548,"제주특별자치도 제주시 진군남4길 7-8 (노형동)"
"제주검정보리마씸",33.4819803675692,126.405373327268,"제주특별자치도 제주시 애월읍 하귀로 81 "
"도도름한우와흑돈",33.4896889583513,126.490498648051,"제주특별자치도 제주시 삼무로 36 (연동)"
"클라우드나인커피",33.4990357836808,126.529277402113,"제주특별자치도 제주시 신성로13길 12  (이도이동)"
"하노이안브라더스",33.509626,126.543621,"제주특별자치도 제주시 천수동로 1 (건입동)"
"김녕에사는김영훈",33.5542653975533,126.746336284699,"제주특별자치도 제주시 구좌읍 김녕로6길 2 "
"코데인커피로스터스 ",33.2350777693604,126.296279745532,"제주특별자치도 서귀포시 안덕면 사계북로 76 "
"비오토피아레스토랑",33.3014096689889,126.38810751849,"제주특별자치도 서귀포시 안덕면 산록남로762번길 79  (비오토피아커뮤니티센터)"
"돌하르방뚝배기식당",33.461192,126.933908,"제주특별자치도 서귀포시 성산읍 일출로 264 "
"모슬포해안도로식당",33.484766,126.494767,"제주특별자치도 제주시 신대로18길 16 (연동)"
"제주축협한우프라자",33.486041,126.542753,"제주특별자치도 제주시 중앙로 415 (아라이동)"
"이인자뼈다귀해장국",33.4877445657477,126.478829555903,"제주특별자치도 제주시 다랑곶2길 7  (노형동)"
"호두파이가맛있는집",33.4967465122125,126.538979416681,"제주특별자치도 제주시 승천로 11-1  (이도이동)"
"로치아커피로스터스",33.501869,126.466726,"제주특별자치도 제주시 도공로 53 (도두일동)"
"너는파라다이스길리",33.5566858972833,126.793702508338,"제주특별자치도 제주시 구좌읍 월정1길 65 "
"성산갈치조림순덕이네",33.411974,126.896577,"제주특별자치도 서귀포시 성산읍 온평서로 48 "
"레이어스베이크하우스",33.5149314383408,126.520780096661,"제주특별자치도 제주시 무근성7길 25 (삼도이동)"
"나성수두리보말톳칼국수",33.25164,126.424616,"제주특별자치도 서귀포시 천제연로 186-1 (중문동)"
"제주손칼국수냉면전문점",33.2544,126.569438,"제주특별자치도 서귀포시 일주동로 8599 (동홍동)"
"축협축산물플라자한우식당",33.290493,126.318372,"제주특별자치도 서귀포시 안덕면 중산간서로 1914-3 "
"색달식당중문갈치조림구이(본점)",33.2418117185555,126.386244199585,"제주특별자치도 서귀포시 예래로 255-18 (하예동)"
"씨사이드애월원두로스터리(제주애월하귀점)",33.485065884759,126.407673083837,"제주특별자치도 제주시 애월읍 하귀14길 5-3 "
